claim_id,delta,n_cells,k_preserving,s_hat,wilson_lower,wilson_upper,classification,bootstrap_agreement,bootstrap_iterations
ALGO-C1,0.0,900,726,0.8066666666666666,0.7795847548333985,0.8311418218388349,Unresolved,1000,1000
ALGO-C2,0.01,900,665,0.7388888888888889,0.7092201192197811,0.766527032898082,Unresolved,1000,1000
ALGO-C3,0.05,900,592,0.6577777777777778,0.6261688096465253,0.6880455884964353,Unresolved,1000,1000
