claim_id,delta,n_cells,k_preserving,s_hat,wilson_lower,wilson_upper,classification,bootstrap_agreement,bootstrap_iterations
COMB-C1,0.0,1440,866,0.6013888888888889,0.5758630806738765,0.626375190166816,Unresolved,1000,1000
COMB-C2,0.01,1440,850,0.5902777777777778,0.56466990451274,0.6154052681536301,Unresolved,1000,1000
COMB-C3,0.05,1440,723,0.5020833333333333,0.4762875980945318,0.5278679828131536,Unresolved,1000,1000
