claim_id,delta,n_cells,k_preserving,n_margin_gt0,n_margin_eq0,n_margin_lt0,tie_rate,s_hat,wilson_lower,wilson_upper,classification,bootstrap_agreement,bootstrap_iterations
L1Q-C1,0.0,1200,0,0,1200,0,1.0,0.0,2.168404344971009e-19,0.003191000602734924,Reversed,1000,1000
L1Q-C2,0.0,1200,400,400,400,400,0.3333,0.3333333333333333,0.307230713668673,0.36049961986557183,Unresolved,1000,1000
L1Q-C3,0.0,1200,0,0,1200,0,1.0,0.0,2.168404344971009e-19,0.003191000602734924,Reversed,1000,1000
