claim_id,delta,n_cells,k_preserving,s_hat,wilson_lower,wilson_upper,classification,bootstrap_agreement,bootstrap_iterations
L2-C1,0.0,1800,1074,0.5966666666666667,0.5738214107948599,0.6191002000808062,Unresolved,1000,1000
L2-C2,0.01,1800,1057,0.5872222222222222,0.5643157157791477,0.6097572319649879,Unresolved,1000,1000
L2-C3,0.05,1800,941,0.5227777777777778,0.4996793854540225,0.5457791550396691,Unresolved,1000,1000
