claim_id,delta,n_cells,k_preserving,s_hat,wilson_lower,wilson_upper,classification,bootstrap_agreement,bootstrap_iterations
L3-C1,0.0,270,178,0.6592592592592592,0.600845089940513,0.7132052381959254,Unresolved,1000,1000
L3-C2,0.01,270,174,0.6444444444444445,0.5856869471139983,0.6991493970097484,Unresolved,1000,1000
L3-C3,0.05,270,147,0.5444444444444444,0.4848320880994197,0.6028098639386561,Unresolved,1000,1000
